site,lon180_requested,lat_requested,lon360_grid,lon180_grid,lat_grid,depth_idx,depth_mid_m,depth_top_m,depth_bot_m,dz_m,scenario,temp_C,pO2_kPa,zmeso,zmicro,I_day_rel,I_night_rel
HOTstationALOHA,-158,22.75,201.5,-158.5,22.5,1,2.5,0,6.25,6.25,hist,25.025333404541,21.43017578125,0.000302612810628489,0.000450083811301738,0.950951099395752,0.000950951070990413
HOTstationALOHA,-158,22.75,201.5,-158.5,22.5,2,10,6.25,15,8.75,hist,24.948802947998,21.4321517944336,0.000299552164506167,0.000450351246399805,0.817772924900055,0.000817772932350636
HOTstationALOHA,-158,22.75,201.5,-158.5,22.5,3,20,15,26.25,11.25,hist,24.7360172271729,21.4479503631592,0.000289667397737503,0.000451842992333695,0.668752551078796,0.000668752531055361
HOTstationALOHA,-158,22.75,201.5,-158.5,22.5,4,32.5,26.25,41.875,15.625,hist,24.2224292755127,21.5379543304443,0.000279123953077942,0.000462666590465233,0.520063519477844,0.000520063505973667
HOTstationALOHA,-158,22.75,201.5,-158.5,22.5,5,51.25,41.875,63.125,21.25,hist,23.3729801177979,21.5588188171387,0.000267717114184052,0.000476256449474022,0.356650412082672,0.000356650416506454
HOTstationALOHA,-158,22.75,201.5,-158.5,22.5,6,75,63.125,87.5,24.375,hist,22.484224319458,21.2115592956543,0.000187424710020423,0.000376537791453302,0.22117979824543,0.00022117979824543
HOTstationALOHA,-158,22.75,201.5,-158.5,22.5,7,100,87.5,112.5,25,hist,21.653980255127,20.4981803894043,5.41592016816139e-05,0.000107688421849161,0.133760318160057,0.000133760317112319
HOTstationALOHA,-158,22.75,201.5,-158.5,22.5,8,125,112.5,140.625,28.125,hist,20.8769969940186,19.9096355438232,1.4845037185296e-05,1.52440152305644e-05,0.0808926597237587,8.08926561148837e-05
HOTstationALOHA,-158,22.75,201.5,-158.5,22.5,9,156.25,140.625,178.125,37.5,hist,19.8490352630615,19.4314498901367,5.76825141251902e-06,3.14432804771059e-06,0.0431406199932098,4.31406187999528e-05
HOTstationALOHA,-158,22.75,201.5,-158.5,22.5,10,200,178.125,225,46.875,hist,18.1243381500244,18.8833236694336,2.81272832580726e-06,9.80658114713151e-07,0.0178918223828077,1.78918216988677e-05
HOTstationALOHA,-158,22.75,201.5,-158.5,22.5,11,250,225,281.25,56.25,hist,15.5220785140991,18.138599395752,1.79965547886241e-06,5.69034057207318e-07,0.00654362188652158,6.54362202112679e-06
HOTstationALOHA,-158,22.75,201.5,-158.5,22.5,12,312.5,281.25,356.25,75,hist,12.2785692214966,17.0402908325195,1.19181413538172e-06,3.98073012775058e-07,0.00186111312359571,1.86111310540582e-06
HOTstationALOHA,-158,22.75,201.5,-158.5,22.5,13,400,356.25,450,93.75,hist,9.55342674255371,14.9967489242554,7.22938978015009e-07,2.52814089662934e-07,0.000320117309456691,3.20117294450029e-07
HOTstationALOHA,-158,22.75,201.5,-158.5,22.5,14,500,450,550,100,hist,7.22057485580444,11.2009735107422,4.13031386869989e-07,1.26417546653101e-07,4.28189887315966e-05,4.28189892431874e-08
HOTstationALOHA,-158,22.75,201.5,-158.5,22.5,15,600,550,650,100,hist,5.68043279647827,7.4055814743042,2.23523173303875e-07,5.14027966858066e-08,5.72748149352265e-06,5.72748160010406e-09
HOTstationALOHA,-158,22.75,201.5,-158.5,22.5,16,700,650,750,100,hist,4.93180990219116,4.94624757766724,1.24110911770003e-07,2.24007941085347e-08,7.66109735650389e-07,7.66109731209497e-10
HOTstationALOHA,-158,22.75,201.5,-158.5,22.5,17,800,750,850,100,hist,4.48876285552979,3.62033128738403,7.48607078548957e-08,1.19771197404361e-08,1.02475084418074e-07,1.02475083973985e-10
HOTstationALOHA,-158,22.75,201.5,-158.5,22.5,18,900,850,950,100,hist,4.14879465103149,3.06577920913696,4.95893139884629e-08,7.43085104559782e-09,1.37070994554733e-08,1.37070996913957e-11
HOTstationALOHA,-158,22.75,201.5,-158.5,22.5,19,1000,950,1050,100,hist,3.83985185623169,2.9780216217041,3.74015485249402e-08,5.39985789416164e-09,1.83346593463085e-09,1.83346588779332e-12
HOTstationALOHA,-158,22.75,201.5,-158.5,22.5,20,1100,1050,1150,100,hist,3.55389308929443,3.04455423355103,3.07177536740255e-08,4.33732605387149e-09,2.45244990981774e-10,9.99999996004197e-13
HOTstationALOHA,-158,22.75,201.5,-158.5,22.5,21,1200,1150,1250,100,hist,3.28330969810486,3.27391719818115,2.6562128496721e-08,3.69669184152599e-09,3.28040476726965e-11,9.99999996004197e-13
HOTstationALOHA,-158,22.75,201.5,-158.5,22.5,22,1300,1250,1350,100,hist,3.04666066169739,3.58341383934021,2.39194104523222e-08,3.29654237241073e-09,4.38787938275564e-12,9.99999996004197e-13
HOTstationALOHA,-158,22.75,201.5,-158.5,22.5,23,1400,1350,1468.75,118.75,hist,2.8771858215332,3.86508536338806,2.2435344249061e-08,3.07701930601922e-09,9.99999996004197e-13,9.99999996004197e-13
HOTstationALOHA,-158,22.75,201.5,-158.5,22.5,24,1537.5,1468.75,1643.75,175,hist,2.66675162315369,4.28772783279419,2.08886294927879e-08,2.85563128699096e-09,9.99999996004197e-13,9.99999996004197e-13
HOTstationALOHA,-158,22.75,201.5,-158.5,22.5,25,1750,1643.75,1906.25,262.5,hist,2.3557710647583,4.97545051574707,1.97069667251526e-08,2.67983613078115e-09,9.99999996004197e-13,9.99999996004197e-13
HOTstationALOHA,-158,22.75,201.5,-158.5,22.5,26,2062.5,1906.25,2281.25,375,hist,1.98612403869629,5.55628299713135,1.91289615258938e-08,2.57096521849576e-09,9.99999996004197e-13,9.99999996004197e-13
HOTstationALOHA,-158,22.75,201.5,-158.5,22.5,27,2500,2281.25,2750,468.75,hist,1.70991897583008,5.98941326141357,1.85225239590636e-08,2.44431119789112e-09,9.99999996004197e-13,9.99999996004197e-13
HOTstationALOHA,-158,22.75,201.5,-158.5,22.5,28,3000,2750,3250,500,hist,1.45884132385254,6.84857368469238,1.91222699896798e-08,2.47318632240479e-09,9.99999996004197e-13,9.99999996004197e-13
HOTstationALOHA,-158,22.75,201.5,-158.5,22.5,29,3500,3250,3750,500,hist,1.31409990787506,7.48940706253052,2.01183407710914e-08,2.55947685268154e-09,9.99999996004197e-13,9.99999996004197e-13
HOTstationALOHA,-158,22.75,201.5,-158.5,22.5,30,4000,3750,4250,500,hist,1.2626645565033,7.75197696685791,2.0881637752268e-08,2.64123278803652e-09,9.99999996004197e-13,9.99999996004197e-13
HOTstationALOHA,-158,22.75,201.5,-158.5,22.5,31,4500,4250,4750,500,hist,1.2512663602829,7.81762552261353,2.10871267114499e-08,2.66177146990287e-09,9.99999996004197e-13,9.99999996004197e-13
HOTstationALOHA,-158,22.75,201.5,-158.5,22.5,32,5000,4750,5250,500,hist,1.24884438514709,7.83221673965454,2.10107771181356e-08,2.65101229857123e-09,9.99999996004197e-13,9.99999996004197e-13
HOTstationALOHA,-158,22.75,201.5,-158.5,22.5,33,5500,5250,5750,500,hist,NaN,NaN,NaN,NaN,9.99999996004197e-13,9.99999996004197e-13
HOTstationALOHA,-158,22.75,201.5,-158.5,22.5,34,6000,5750,6250,500,hist,NaN,NaN,NaN,NaN,9.99999996004197e-13,9.99999996004197e-13
HOTstationALOHA,-158,22.75,201.5,-158.5,22.5,35,6500,6250,6750,500,hist,NaN,NaN,NaN,NaN,9.99999996004197e-13,9.99999996004197e-13
HOTstationALOHA,-158,22.75,201.5,-158.5,22.5,1,2.5,0,6.25,6.25,ssp585,27.3242359161377,21.4177780151367,0.000132150715216994,0.000356688804458827,0.950951099395752,0.000950951070990413
HOTstationALOHA,-158,22.75,201.5,-158.5,22.5,2,10,6.25,15,8.75,ssp585,27.2275409698486,21.4211101531982,0.000132612432935275,0.000358633114956319,0.817772924900055,0.000817772932350636
HOTstationALOHA,-158,22.75,201.5,-158.5,22.5,3,20,15,26.25,11.25,ssp585,26.9244823455811,21.4567184448242,0.00013414713612292,0.000363297440344468,0.668752551078796,0.000668752531055361
HOTstationALOHA,-158,22.75,201.5,-158.5,22.5,4,32.5,26.25,41.875,15.625,ssp585,26.1710548400879,21.6116619110107,0.000145332829561085,0.000381714315153658,0.520063519477844,0.000520063505973667
HOTstationALOHA,-158,22.75,201.5,-158.5,22.5,5,51.25,41.875,63.125,21.25,ssp585,25.091064453125,21.6957359313965,0.000170344123034738,0.000421637785620987,0.356650412082672,0.000356650416506454
HOTstationALOHA,-158,22.75,201.5,-158.5,22.5,6,75,63.125,87.5,24.375,ssp585,24.122594833374,21.4731998443604,0.000155457877553999,0.000405823346227407,0.22117979824543,0.00022117979824543
HOTstationALOHA,-158,22.75,201.5,-158.5,22.5,7,100,87.5,112.5,25,ssp585,23.0810642242432,20.8312358856201,5.41998269909527e-05,0.000164006007253192,0.133760318160057,0.000133760317112319
HOTstationALOHA,-158,22.75,201.5,-158.5,22.5,8,125,112.5,140.625,28.125,ssp585,22.0079021453857,20.2326622009277,1.37440056278137e-05,2.32303827942815e-05,0.0808926597237587,8.08926561148837e-05
HOTstationALOHA,-158,22.75,201.5,-158.5,22.5,9,156.25,140.625,178.125,37.5,ssp585,20.54612159729,19.6949405670166,5.07957156514749e-06,4.00942235501134e-06,0.0431406199932098,4.31406187999528e-05
HOTstationALOHA,-158,22.75,201.5,-158.5,22.5,10,200,178.125,225,46.875,ssp585,18.1030960083008,19.0091705322266,2.38963798437908e-06,1.01758496384718e-06,0.0178918223828077,1.78918216988677e-05
HOTstationALOHA,-158,22.75,201.5,-158.5,22.5,11,250,225,281.25,56.25,ssp585,15.0391330718994,18.0952453613281,1.54173346800235e-06,5.06628282437305e-07,0.00654362188652158,6.54362202112679e-06
HOTstationALOHA,-158,22.75,201.5,-158.5,22.5,12,312.5,281.25,356.25,75,ssp585,12.4954557418823,16.8072566986084,1.08052722680441e-06,3.48047990428313e-07,0.00186111312359571,1.86111310540582e-06
HOTstationALOHA,-158,22.75,201.5,-158.5,22.5,13,400,356.25,450,93.75,ssp585,10.210057258606,14.1040182113647,6.4921556486297e-07,2.06840368832673e-07,0.000320117309456691,3.20117294450029e-07
HOTstationALOHA,-158,22.75,201.5,-158.5,22.5,14,500,450,550,100,ssp585,7.73668622970581,10.2240018844604,3.45425576142588e-07,9.21051253044425e-08,4.28189887315966e-05,4.28189892431874e-08
HOTstationALOHA,-158,22.75,201.5,-158.5,22.5,15,600,550,650,100,ssp585,6.24307537078857,7.11363315582275,1.75723030793051e-07,3.62369263484652e-08,5.72748149352265e-06,5.72748160010406e-09
HOTstationALOHA,-158,22.75,201.5,-158.5,22.5,16,700,650,750,100,ssp585,5.45260095596313,5.34750556945801,9.84821824090432e-08,1.70558500656171e-08,7.66109735650389e-07,7.66109731209497e-10
HOTstationALOHA,-158,22.75,201.5,-158.5,22.5,17,800,750,850,100,ssp585,4.90260934829712,4.27790307998657,6.63563284319935e-08,1.04530704092554e-08,1.02475084418074e-07,1.02475083973985e-10
HOTstationALOHA,-158,22.75,201.5,-158.5,22.5,18,900,850,950,100,ssp585,4.46706008911133,3.54682111740112,4.94615690627143e-08,7.40591099557264e-09,1.37070994554733e-08,1.37070996913957e-11
HOTstationALOHA,-158,22.75,201.5,-158.5,22.5,19,1000,950,1050,100,ssp585,4.09371423721313,3.14306282997131,3.96029804505815e-08,5.7594080615786e-09,1.83346593463085e-09,1.83346588779332e-12
HOTstationALOHA,-158,22.75,201.5,-158.5,22.5,20,1100,1050,1150,100,ssp585,3.76518726348877,3.00754165649414,3.27961906521068e-08,4.679886256298e-09,2.45244990981774e-10,9.99999996004197e-13
HOTstationALOHA,-158,22.75,201.5,-158.5,22.5,21,1200,1150,1250,100,ssp585,3.45882749557495,3.0127067565918,2.76462692738733e-08,3.88794063610476e-09,3.28040476726965e-11,9.99999996004197e-13
HOTstationALOHA,-158,22.75,201.5,-158.5,22.5,22,1300,1250,1350,100,ssp585,3.18923926353455,3.16125273704529,2.40313404731296e-08,3.34123417822241e-09,4.38787938275564e-12,9.99999996004197e-13
HOTstationALOHA,-158,22.75,201.5,-158.5,22.5,23,1400,1350,1468.75,118.75,ssp585,2.97963166236877,3.40830564498901,2.16750137838062e-08,2.98907965046169e-09,9.99999996004197e-13,9.99999996004197e-13
HOTstationALOHA,-158,22.75,201.5,-158.5,22.5,24,1537.5,1468.75,1643.75,175,ssp585,2.74705719947815,3.88935804367065,1.97975307258957e-08,2.70862554607731e-09,9.99999996004197e-13,9.99999996004197e-13
HOTstationALOHA,-158,22.75,201.5,-158.5,22.5,25,1750,1643.75,1906.25,262.5,ssp585,2.42460107803345,4.7190203666687,1.86290911585729e-08,2.52773868503198e-09,9.99999996004197e-13,9.99999996004197e-13
HOTstationALOHA,-158,22.75,201.5,-158.5,22.5,26,2062.5,1906.25,2281.25,375,ssp585,2.05463933944702,5.35732698440552,1.84575075223847e-08,2.48373499545096e-09,9.99999996004197e-13,9.99999996004197e-13
HOTstationALOHA,-158,22.75,201.5,-158.5,22.5,27,2500,2281.25,2750,468.75,ssp585,1.77303290367126,5.72764492034912,1.81962480638731e-08,2.40708386556321e-09,9.99999996004197e-13,9.99999996004197e-13
HOTstationALOHA,-158,22.75,201.5,-158.5,22.5,28,3000,2750,3250,500,ssp585,1.50318253040314,6.55794143676758,1.89532940453319e-08,2.45740539028816e-09,9.99999996004197e-13,9.99999996004197e-13
HOTstationALOHA,-158,22.75,201.5,-158.5,22.5,29,3500,3250,3750,500,ssp585,1.34650850296021,7.22951412200928,1.9638727977167e-08,2.50931697642898e-09,9.99999996004197e-13,9.99999996004197e-13
HOTstationALOHA,-158,22.75,201.5,-158.5,22.5,30,4000,3750,4250,500,ssp585,1.28767764568329,7.5252890586853,1.99702689940295e-08,2.53417664630717e-09,9.99999996004197e-13,9.99999996004197e-13
HOTstationALOHA,-158,22.75,201.5,-158.5,22.5,31,4500,4250,4750,500,ssp585,1.27333986759186,7.61056756973267,2.01259471310777e-08,2.54857313031209e-09,9.99999996004197e-13,9.99999996004197e-13
HOTstationALOHA,-158,22.75,201.5,-158.5,22.5,32,5000,4750,5250,500,ssp585,1.26943206787109,7.63477849960327,2.01879082339929e-08,2.55481480415654e-09,9.99999996004197e-13,9.99999996004197e-13
HOTstationALOHA,-158,22.75,201.5,-158.5,22.5,33,5500,5250,5750,500,ssp585,NaN,NaN,NaN,NaN,9.99999996004197e-13,9.99999996004197e-13
HOTstationALOHA,-158,22.75,201.5,-158.5,22.5,34,6000,5750,6250,500,ssp585,NaN,NaN,NaN,NaN,9.99999996004197e-13,9.99999996004197e-13
HOTstationALOHA,-158,22.75,201.5,-158.5,22.5,35,6500,6250,6750,500,ssp585,NaN,NaN,NaN,NaN,9.99999996004197e-13,9.99999996004197e-13
BATS,-64.1667,31.6667,295.5,-64.5,31.5,1,2.5,0,6.25,6.25,hist,22.6444454193115,21.5734748840332,0.000873213575687259,0.000756980967707932,0.950951099395752,0.000950951070990413
BATS,-64.1667,31.6667,295.5,-64.5,31.5,2,10,6.25,15,8.75,hist,22.4955062866211,21.5756301879883,0.000876347767189145,0.000759182032197714,0.817772924900055,0.000817772932350636
BATS,-64.1667,31.6667,295.5,-64.5,31.5,3,20,15,26.25,11.25,hist,21.8953838348389,21.6663551330566,0.000888448790647089,0.000766109733376652,0.668752551078796,0.000668752531055361
BATS,-64.1667,31.6667,295.5,-64.5,31.5,4,32.5,26.25,41.875,15.625,hist,20.8478012084961,21.8113098144531,0.00090795214055106,0.000740483868867159,0.520063519477844,0.000520063505973667
BATS,-64.1667,31.6667,295.5,-64.5,31.5,5,51.25,41.875,63.125,21.25,hist,19.402717590332,21.5402450561523,0.000849853327963501,0.000607513531576842,0.356650412082672,0.000356650416506454
BATS,-64.1667,31.6667,295.5,-64.5,31.5,6,75,63.125,87.5,24.375,hist,18.1818580627441,19.9528522491455,0.000369096698705107,0.000217857130337507,0.22117979824543,0.00022117979824543
BATS,-64.1667,31.6667,295.5,-64.5,31.5,7,100,87.5,112.5,25,hist,17.6783580780029,18.9022846221924,0.000158807626576163,6.6905609855894e-05,0.133760318160057,0.000133760317112319
BATS,-64.1667,31.6667,295.5,-64.5,31.5,8,125,112.5,140.625,28.125,hist,17.4906063079834,18.4764442443848,0.000111516790639143,4.05092287110165e-05,0.0808926597237587,8.08926561148837e-05
BATS,-64.1667,31.6667,295.5,-64.5,31.5,9,156.25,140.625,178.125,37.5,hist,17.3583660125732,18.1719703674316,8.36994076962583e-05,2.85098158201436e-05,0.0431406199932098,4.31406187999528e-05
BATS,-64.1667,31.6667,295.5,-64.5,31.5,10,200,178.125,225,46.875,hist,17.2356777191162,17.8937244415283,6.08387163083535e-05,1.99951500690077e-05,0.0178918223828077,1.78918216988677e-05
BATS,-64.1667,31.6667,295.5,-64.5,31.5,11,250,225,281.25,56.25,hist,17.1108951568604,17.6361465454102,4.37023154518101e-05,1.41980508487904e-05,0.00654362188652158,6.54362202112679e-06
BATS,-64.1667,31.6667,295.5,-64.5,31.5,12,312.5,281.25,356.25,75,hist,16.9426593780518,17.3190479278564,2.87376478809165e-05,9.57320571615128e-06,0.00186111312359571,1.86111310540582e-06
BATS,-64.1667,31.6667,295.5,-64.5,31.5,13,400,356.25,450,93.75,hist,16.6272678375244,16.8411445617676,1.45795238495339e-05,4.63071410194971e-06,0.000320117309456691,3.20117294450029e-07
BATS,-64.1667,31.6667,295.5,-64.5,31.5,14,500,450,550,100,hist,15.9248943328857,16.094654083252,4.81947745356592e-06,1.14736769774026e-06,4.28189887315966e-05,4.28189892431874e-08
BATS,-64.1667,31.6667,295.5,-64.5,31.5,15,600,550,650,100,hist,14.7807416915894,15.1078042984009,1.68323776961188e-06,3.50109161217915e-07,5.72748149352265e-06,5.72748160010406e-09
BATS,-64.1667,31.6667,295.5,-64.5,31.5,16,700,650,750,100,hist,13.3498067855835,14.2297325134277,6.50757499442989e-07,1.53998570340264e-07,7.66109735650389e-07,7.66109731209497e-10
BATS,-64.1667,31.6667,295.5,-64.5,31.5,17,800,750,850,100,hist,11.7127590179443,13.9657697677612,3.70363210322466e-07,8.3861870336932e-08,1.02475084418074e-07,1.02475083973985e-10
BATS,-64.1667,31.6667,295.5,-64.5,31.5,18,900,850,950,100,hist,10.1122913360596,14.4148359298706,3.35474169332883e-07,6.04345729016131e-08,1.37070994554733e-08,1.37070996913957e-11
BATS,-64.1667,31.6667,295.5,-64.5,31.5,19,1000,950,1050,100,hist,8.25748062133789,15.5425653457642,4.52363394742861e-07,6.58492425031909e-08,1.83346593463085e-09,1.83346588779332e-12
BATS,-64.1667,31.6667,295.5,-64.5,31.5,20,1100,1050,1150,100,hist,6.99046993255615,16.4656105041504,5.38297911134578e-07,7.7997086123105e-08,2.45244990981774e-10,9.99999996004197e-13
BATS,-64.1667,31.6667,295.5,-64.5,31.5,21,1200,1150,1250,100,hist,6.37648677825928,16.9295291900635,5.28052055415174e-07,7.88022234132768e-08,3.28040476726965e-11,9.99999996004197e-13
BATS,-64.1667,31.6667,295.5,-64.5,31.5,22,1300,1250,1350,100,hist,5.98388147354126,17.2079887390137,4.66758592665428e-07,7.32320231122685e-08,4.38787938275564e-12,9.99999996004197e-13
BATS,-64.1667,31.6667,295.5,-64.5,31.5,23,1400,1350,1468.75,118.75,hist,5.68467855453491,17.4238567352295,4.09418476010615e-07,6.70992221785127e-08,9.99999996004197e-13,9.99999996004197e-13
BATS,-64.1667,31.6667,295.5,-64.5,31.5,24,1537.5,1468.75,1643.75,175,hist,5.36949157714844,17.6910839080811,3.58756835794338e-07,6.10693788871686e-08,9.99999996004197e-13,9.99999996004197e-13
BATS,-64.1667,31.6667,295.5,-64.5,31.5,25,1750,1643.75,1906.25,262.5,hist,5.08277034759521,17.9816055297852,3.26400055428167e-07,5.69978944042759e-08,9.99999996004197e-13,9.99999996004197e-13
BATS,-64.1667,31.6667,295.5,-64.5,31.5,26,2062.5,1906.25,2281.25,375,hist,4.83428716659546,17.9981822967529,3.12969518745376e-07,5.42208944409595e-08,9.99999996004197e-13,9.99999996004197e-13
BATS,-64.1667,31.6667,295.5,-64.5,31.5,27,2500,2281.25,2750,468.75,hist,4.48052644729614,17.6348361968994,2.55701309015421e-07,4.14087537592422e-08,9.99999996004197e-13,9.99999996004197e-13
BATS,-64.1667,31.6667,295.5,-64.5,31.5,28,3000,2750,3250,500,hist,3.95208287239075,16.2424964904785,1.48085050000191e-07,2.18839311116881e-08,9.99999996004197e-13,9.99999996004197e-13
BATS,-64.1667,31.6667,295.5,-64.5,31.5,29,3500,3250,3750,500,hist,3.21802830696106,14.3763246536255,7.08015051031907e-08,9.90283943735903e-09,9.99999996004197e-13,9.99999996004197e-13
BATS,-64.1667,31.6667,295.5,-64.5,31.5,30,4000,3750,4250,500,hist,2.60735487937927,12.925609588623,4.08032470033959e-08,5.43850964263015e-09,9.99999996004197e-13,9.99999996004197e-13
BATS,-64.1667,31.6667,295.5,-64.5,31.5,31,4500,4250,4750,500,hist,2.37630867958069,12.3215427398682,3.66100998405727e-08,4.76547024064189e-09,9.99999996004197e-13,9.99999996004197e-13
BATS,-64.1667,31.6667,295.5,-64.5,31.5,32,5000,4750,5250,500,hist,NaN,NaN,NaN,NaN,9.99999996004197e-13,9.99999996004197e-13
BATS,-64.1667,31.6667,295.5,-64.5,31.5,33,5500,5250,5750,500,hist,NaN,NaN,NaN,NaN,9.99999996004197e-13,9.99999996004197e-13
BATS,-64.1667,31.6667,295.5,-64.5,31.5,34,6000,5750,6250,500,hist,NaN,NaN,NaN,NaN,9.99999996004197e-13,9.99999996004197e-13
BATS,-64.1667,31.6667,295.5,-64.5,31.5,35,6500,6250,6750,500,hist,NaN,NaN,NaN,NaN,9.99999996004197e-13,9.99999996004197e-13
BATS,-64.1667,31.6667,295.5,-64.5,31.5,1,2.5,0,6.25,6.25,ssp585,25.1259212493896,21.5948028564453,0.000965357816312462,0.0008008130826056,0.950951099395752,0.000950951070990413
BATS,-64.1667,31.6667,295.5,-64.5,31.5,2,10,6.25,15,8.75,ssp585,24.8205852508545,21.6469612121582,0.000991082633845508,0.000819578883238137,0.817772924900055,0.000817772932350636
BATS,-64.1667,31.6667,295.5,-64.5,31.5,3,20,15,26.25,11.25,ssp585,23.881929397583,21.8714294433594,0.00102189148310572,0.000828411430120468,0.668752551078796,0.000668752531055361
BATS,-64.1667,31.6667,295.5,-64.5,31.5,4,32.5,26.25,41.875,15.625,ssp585,22.4808216094971,22.0257968902588,0.00102721701841801,0.000769640202634037,0.520063519477844,0.000520063505973667
BATS,-64.1667,31.6667,295.5,-64.5,31.5,5,51.25,41.875,63.125,21.25,ssp585,20.7074241638184,21.1695137023926,0.000821773603092879,0.000538099615368992,0.356650412082672,0.000356650416506454
BATS,-64.1667,31.6667,295.5,-64.5,31.5,6,75,63.125,87.5,24.375,ssp585,19.3624629974365,19.3313312530518,0.000232801787205972,0.000127653125673532,0.22117979824543,0.00022117979824543
BATS,-64.1667,31.6667,295.5,-64.5,31.5,7,100,87.5,112.5,25,ssp585,18.9464015960693,18.7430171966553,0.000102114077890292,3.62046812369954e-05,0.133760318160057,0.000133760317112319
BATS,-64.1667,31.6667,295.5,-64.5,31.5,8,125,112.5,140.625,28.125,ssp585,18.8099117279053,18.6003837585449,7.4346833571326e-05,2.15966119867517e-05,0.0808926597237587,8.08926561148837e-05
BATS,-64.1667,31.6667,295.5,-64.5,31.5,9,156.25,140.625,178.125,37.5,ssp585,18.7135829925537,18.5228443145752,5.66286616958678e-05,1.49365187098738e-05,0.0431406199932098,4.31406187999528e-05
BATS,-64.1667,31.6667,295.5,-64.5,31.5,10,200,178.125,225,46.875,ssp585,18.6303443908691,18.4702072143555,4.08140076615382e-05,1.01101331893005e-05,0.0178918223828077,1.78918216988677e-05
BATS,-64.1667,31.6667,295.5,-64.5,31.5,11,250,225,281.25,56.25,ssp585,18.5729389190674,18.4285755157471,3.01678210234968e-05,7.04961894371081e-06,0.00654362188652158,6.54362202112679e-06
BATS,-64.1667,31.6667,295.5,-64.5,31.5,12,312.5,281.25,356.25,75,ssp585,18.5188102722168,18.3935012817383,2.28051230806159e-05,5.05797970618005e-06,0.00186111312359571,1.86111310540582e-06
BATS,-64.1667,31.6667,295.5,-64.5,31.5,13,400,356.25,450,93.75,ssp585,18.4465465545654,18.3426456451416,1.70261009770911e-05,3.53662312591041e-06,0.000320117309456691,3.20117294450029e-07
BATS,-64.1667,31.6667,295.5,-64.5,31.5,14,500,450,550,100,ssp585,18.3537368774414,18.261604309082,1.16132850962458e-05,2.11652400139428e-06,4.28189887315966e-05,4.28189892431874e-08
BATS,-64.1667,31.6667,295.5,-64.5,31.5,15,600,550,650,100,ssp585,18.0869598388672,17.9899215698242,6.95032076691859e-06,1.13253497602273e-06,5.72748149352265e-06,5.72748160010406e-09
BATS,-64.1667,31.6667,295.5,-64.5,31.5,16,700,650,750,100,ssp585,16.9666500091553,16.9207382202148,3.6636497497966e-06,6.08673985880159e-07,7.66109735650389e-07,7.66109731209497e-10
BATS,-64.1667,31.6667,295.5,-64.5,31.5,17,800,750,850,100,ssp585,14.5867404937744,15.1612205505371,1.18923628633638e-06,2.12084316331129e-07,1.02475084418074e-07,1.02475083973985e-10
BATS,-64.1667,31.6667,295.5,-64.5,31.5,18,900,850,950,100,ssp585,12.2779941558838,14.7662324905396,4.21858402432918e-07,7.46757820024868e-08,1.37070994554733e-08,1.37070996913957e-11
BATS,-64.1667,31.6667,295.5,-64.5,31.5,19,1000,950,1050,100,ssp585,9.9766263961792,15.429877281189,2.56540346299516e-07,4.57006663623361e-08,1.83346593463085e-09,1.83346588779332e-12
BATS,-64.1667,31.6667,295.5,-64.5,31.5,20,1100,1050,1150,100,ssp585,8.15678596496582,16.1789741516113,2.4949059707069e-07,4.74570249764383e-08,2.45244990981774e-10,9.99999996004197e-13
BATS,-64.1667,31.6667,295.5,-64.5,31.5,21,1200,1150,1250,100,ssp585,6.914137840271,16.6402854919434,2.54190524628939e-07,4.96850312003971e-08,3.28040476726965e-11,9.99999996004197e-13
BATS,-64.1667,31.6667,295.5,-64.5,31.5,22,1300,1250,1350,100,ssp585,6.16116714477539,16.8843231201172,2.52787629051454e-07,4.8892594861627e-08,4.38787938275564e-12,9.99999996004197e-13
BATS,-64.1667,31.6667,295.5,-64.5,31.5,23,1400,1350,1468.75,118.75,ssp585,5.73263216018677,17.0301780700684,2.46228637479362e-07,4.58747919651614e-08,9.99999996004197e-13,9.99999996004197e-13
BATS,-64.1667,31.6667,295.5,-64.5,31.5,24,1537.5,1468.75,1643.75,175,ssp585,5.42386770248413,17.183406829834,2.2685658507271e-07,3.9259859363483e-08,9.99999996004197e-13,9.99999996004197e-13
BATS,-64.1667,31.6667,295.5,-64.5,31.5,25,1750,1643.75,1906.25,262.5,ssp585,5.17099285125732,17.3035583496094,1.94595585867319e-07,3.07705683155746e-08,9.99999996004197e-13,9.99999996004197e-13
BATS,-64.1667,31.6667,295.5,-64.5,31.5,26,2062.5,1906.25,2281.25,375,ssp585,4.91537714004517,17.2768402099609,1.52820121002151e-07,2.25627054817323e-08,9.99999996004197e-13,9.99999996004197e-13
BATS,-64.1667,31.6667,295.5,-64.5,31.5,27,2500,2281.25,2750,468.75,ssp585,4.51745653152466,16.9485969543457,9.77014451564173e-08,1.38684086437024e-08,9.99999996004197e-13,9.99999996004197e-13
BATS,-64.1667,31.6667,295.5,-64.5,31.5,28,3000,2750,3250,500,ssp585,3.90918517112732,15.8683404922485,5.95953650872616e-08,8.19660872508621e-09,9.99999996004197e-13,9.99999996004197e-13
BATS,-64.1667,31.6667,295.5,-64.5,31.5,29,3500,3250,3750,500,ssp585,3.19945478439331,14.1675090789795,4.1130135741696e-08,5.52978240975222e-09,9.99999996004197e-13,9.99999996004197e-13
BATS,-64.1667,31.6667,295.5,-64.5,31.5,30,4000,3750,4250,500,ssp585,2.68742227554321,12.9315032958984,3.40384502806046e-08,4.46636017059632e-09,9.99999996004197e-13,9.99999996004197e-13
BATS,-64.1667,31.6667,295.5,-64.5,31.5,31,4500,4250,4750,500,ssp585,2.45184206962585,12.3719244003296,3.2619194456629e-08,4.23500745583283e-09,9.99999996004197e-13,9.99999996004197e-13
BATS,-64.1667,31.6667,295.5,-64.5,31.5,32,5000,4750,5250,500,ssp585,NaN,NaN,NaN,NaN,9.99999996004197e-13,9.99999996004197e-13
BATS,-64.1667,31.6667,295.5,-64.5,31.5,33,5500,5250,5750,500,ssp585,NaN,NaN,NaN,NaN,9.99999996004197e-13,9.99999996004197e-13
BATS,-64.1667,31.6667,295.5,-64.5,31.5,34,6000,5750,6250,500,ssp585,NaN,NaN,NaN,NaN,9.99999996004197e-13,9.99999996004197e-13
BATS,-64.1667,31.6667,295.5,-64.5,31.5,35,6500,6250,6750,500,ssp585,NaN,NaN,NaN,NaN,9.99999996004197e-13,9.99999996004197e-13
CCE,-123,34,237.5,-122.5,33.5,1,2.5,0,6.25,6.25,hist,16.9911727905273,21.7451057434082,0.00199855281971395,0.00127979868557304,0.950951099395752,0.000950951070990413
CCE,-123,34,237.5,-122.5,33.5,2,10,6.25,15,8.75,hist,16.8968734741211,21.7407493591309,0.00200881552882493,0.00128172989934683,0.817772924900055,0.000817772932350636
CCE,-123,34,237.5,-122.5,33.5,3,20,15,26.25,11.25,hist,16.5523662567139,21.7737369537354,0.00201456458307803,0.0012659503845498,0.668752551078796,0.000668752531055361
CCE,-123,34,237.5,-122.5,33.5,4,32.5,26.25,41.875,15.625,hist,15.5870475769043,21.7684783935547,0.00174537755083293,0.00110592402052134,0.520063519477844,0.000520063505973667
CCE,-123,34,237.5,-122.5,33.5,5,51.25,41.875,63.125,21.25,hist,14.221604347229,21.18310546875,0.00107180164195597,0.00065936369355768,0.356650412082672,0.000356650416506454
CCE,-123,34,237.5,-122.5,33.5,6,75,63.125,87.5,24.375,hist,12.7421798706055,19.7142353057861,0.000386296713259071,0.000181990719283931,0.22117979824543,0.00022117979824543
CCE,-123,34,237.5,-122.5,33.5,7,100,87.5,112.5,25,hist,11.0606088638306,17.452766418457,0.000100784214737359,2.65987691818736e-05,0.133760318160057,0.000133760317112319
CCE,-123,34,237.5,-122.5,33.5,8,125,112.5,140.625,28.125,hist,9.79162502288818,14.6684226989746,3.07561094814446e-05,5.23842300026445e-06,0.0808926597237587,8.08926561148837e-05
CCE,-123,34,237.5,-122.5,33.5,9,156.25,140.625,178.125,37.5,hist,8.89589405059814,11.2357110977173,9.95669870462734e-06,1.44780415212153e-06,0.0431406199932098,4.31406187999528e-05
CCE,-123,34,237.5,-122.5,33.5,10,200,178.125,225,46.875,hist,8.19126510620117,7.61810255050659,2.90179673356761e-06,4.71919690880895e-07,0.0178918223828077,1.78918216988677e-05
CCE,-123,34,237.5,-122.5,33.5,11,250,225,281.25,56.25,hist,7.59178495407104,5.40464973449707,9.21917148843931e-07,1.7323067424968e-07,0.00654362188652158,6.54362202112679e-06
CCE,-123,34,237.5,-122.5,33.5,12,312.5,281.25,356.25,75,hist,6.94856071472168,4.48713874816895,3.5950671417595e-07,7.29644753505454e-08,0.00186111312359571,1.86111310540582e-06
CCE,-123,34,237.5,-122.5,33.5,13,400,356.25,450,93.75,hist,6.39221906661987,3.87020254135132,1.75212846897921e-07,3.49678543898335e-08,0.000320117309456691,3.20117294450029e-07
CCE,-123,34,237.5,-122.5,33.5,14,500,450,550,100,hist,5.98359441757202,3.21979665756226,1.10758207938488e-07,2.07708765742609e-08,4.28189887315966e-05,4.28189892431874e-08
CCE,-123,34,237.5,-122.5,33.5,15,600,550,650,100,hist,5.64435720443726,2.69411492347717,8.53763424402132e-08,1.53778856315512e-08,5.72748149352265e-06,5.72748160010406e-09
CCE,-123,34,237.5,-122.5,33.5,16,700,650,750,100,hist,5.27226543426514,2.24327921867371,7.25681488233931e-08,1.28655877063011e-08,7.66109735650389e-07,7.66109731209497e-10
CCE,-123,34,237.5,-122.5,33.5,17,800,750,850,100,hist,4.89223957061768,1.83587276935577,6.27396659069746e-08,1.09511821833053e-08,1.02475084418074e-07,1.02475083973985e-10
CCE,-123,34,237.5,-122.5,33.5,18,900,850,950,100,hist,4.5061936378479,1.4406886100769,5.52346683946325e-08,9.5976808722753e-09,1.37070994554733e-08,1.37070996913957e-11
CCE,-123,34,237.5,-122.5,33.5,19,1000,950,1050,100,hist,4.00842618942261,1.07982814311981,4.60096316601266e-08,8.05887268029437e-09,1.83346593463085e-09,1.83346588779332e-12
CCE,-123,34,237.5,-122.5,33.5,20,1100,1050,1150,100,hist,3.57676672935486,1.01504468917847,3.77224083081273e-08,6.71138700170104e-09,2.45244990981774e-10,9.99999996004197e-13
CCE,-123,34,237.5,-122.5,33.5,21,1200,1150,1250,100,hist,3.27468800544739,1.11003696918488,3.16811430423058e-08,5.6612265986189e-09,3.28040476726965e-11,9.99999996004197e-13
CCE,-123,34,237.5,-122.5,33.5,22,1300,1250,1350,100,hist,3.05689024925232,1.28845047950745,2.6777570383274e-08,4.70337679914223e-09,4.38787938275564e-12,9.99999996004197e-13
CCE,-123,34,237.5,-122.5,33.5,23,1400,1350,1468.75,118.75,hist,2.882244348526,1.50826668739319,2.27254712825697e-08,3.84621712257172e-09,9.99999996004197e-13,9.99999996004197e-13
CCE,-123,34,237.5,-122.5,33.5,24,1537.5,1468.75,1643.75,175,hist,2.66431951522827,1.90139746665955,1.86197564033819e-08,2.97071300892071e-09,9.99999996004197e-13,9.99999996004197e-13
CCE,-123,34,237.5,-122.5,33.5,25,1750,1643.75,1906.25,262.5,hist,2.4053065776825,2.42435145378113,1.51106469559181e-08,2.26691776461507e-09,9.99999996004197e-13,9.99999996004197e-13
CCE,-123,34,237.5,-122.5,33.5,26,2062.5,1906.25,2281.25,375,hist,2.13662528991699,3.09774351119995,1.28889903194818e-08,1.80383730175038e-09,9.99999996004197e-13,9.99999996004197e-13
CCE,-123,34,237.5,-122.5,33.5,27,2500,2281.25,2750,468.75,hist,1.86175441741943,4.1104907989502,1.26138912648344e-08,1.68803859779132e-09,9.99999996004197e-13,9.99999996004197e-13
CCE,-123,34,237.5,-122.5,33.5,28,3000,2750,3250,500,hist,1.57898449897766,5.67770719528198,1.44210492436514e-08,1.87297066744918e-09,9.99999996004197e-13,9.99999996004197e-13
CCE,-123,34,237.5,-122.5,33.5,29,3500,3250,3750,500,hist,1.36754441261292,6.9158353805542,1.80027832641372e-08,2.30243268894981e-09,9.99999996004197e-13,9.99999996004197e-13
CCE,-123,34,237.5,-122.5,33.5,30,4000,3750,4250,500,hist,1.2906641960144,7.3298921585083,1.99837106862333e-08,2.54187471071532e-09,9.99999996004197e-13,9.99999996004197e-13
CCE,-123,34,237.5,-122.5,33.5,31,4500,4250,4750,500,hist,NaN,NaN,NaN,NaN,9.99999996004197e-13,9.99999996004197e-13
CCE,-123,34,237.5,-122.5,33.5,32,5000,4750,5250,500,hist,NaN,NaN,NaN,NaN,9.99999996004197e-13,9.99999996004197e-13
CCE,-123,34,237.5,-122.5,33.5,33,5500,5250,5750,500,hist,NaN,NaN,NaN,NaN,9.99999996004197e-13,9.99999996004197e-13
CCE,-123,34,237.5,-122.5,33.5,34,6000,5750,6250,500,hist,NaN,NaN,NaN,NaN,9.99999996004197e-13,9.99999996004197e-13
CCE,-123,34,237.5,-122.5,33.5,35,6500,6250,6750,500,hist,NaN,NaN,NaN,NaN,9.99999996004197e-13,9.99999996004197e-13
CCE,-123,34,237.5,-122.5,33.5,1,2.5,0,6.25,6.25,ssp585,19.6561851501465,21.760929107666,0.00187173811718822,0.00117377459537238,0.950951099395752,0.000950951070990413
CCE,-123,34,237.5,-122.5,33.5,2,10,6.25,15,8.75,ssp585,19.5311031341553,21.7681541442871,0.00189566530752927,0.00118244392797351,0.817772924900055,0.000817772932350636
CCE,-123,34,237.5,-122.5,33.5,3,20,15,26.25,11.25,ssp585,19.0371780395508,21.8855018615723,0.00191297638230026,0.00117382151074708,0.668752551078796,0.000668752531055361
CCE,-123,34,237.5,-122.5,33.5,4,32.5,26.25,41.875,15.625,ssp585,17.8376731872559,21.9260673522949,0.00164766423404217,0.00100044428836554,0.520063519477844,0.000520063505973667
CCE,-123,34,237.5,-122.5,33.5,5,51.25,41.875,63.125,21.25,ssp585,16.313892364502,21.1951580047607,0.000998005387373269,0.000583323184400797,0.356650412082672,0.000356650416506454
CCE,-123,34,237.5,-122.5,33.5,6,75,63.125,87.5,24.375,ssp585,14.6083498001099,19.2865924835205,0.000309737020870671,0.000148345483466983,0.22117979824543,0.00022117979824543
CCE,-123,34,237.5,-122.5,33.5,7,100,87.5,112.5,25,ssp585,12.9521293640137,16.6376037597656,7.2568938776385e-05,2.04464322450804e-05,0.133760318160057,0.000133760317112319
CCE,-123,34,237.5,-122.5,33.5,8,125,112.5,140.625,28.125,ssp585,11.6866998672485,13.6408271789551,2.12343056773534e-05,3.73843499801296e-06,0.0808926597237587,8.08926561148837e-05
CCE,-123,34,237.5,-122.5,33.5,9,156.25,140.625,178.125,37.5,ssp585,10.6945829391479,10.4094724655151,6.81538949720562e-06,1.0772041605378e-06,0.0431406199932098,4.31406187999528e-05
CCE,-123,34,237.5,-122.5,33.5,10,200,178.125,225,46.875,ssp585,9.70163726806641,7.82849311828613,2.0188208509353e-06,3.6349754850562e-07,0.0178918223828077,1.78918216988677e-05
CCE,-123,34,237.5,-122.5,33.5,11,250,225,281.25,56.25,ssp585,8.77888774871826,6.74807500839233,7.04269154994108e-07,1.51174177176472e-07,0.00654362188652158,6.54362202112679e-06
CCE,-123,34,237.5,-122.5,33.5,12,312.5,281.25,356.25,75,ssp585,7.99852561950684,6.03598403930664,3.26589088217588e-07,7.43621058063582e-08,0.00186111312359571,1.86111310540582e-06
CCE,-123,34,237.5,-122.5,33.5,13,400,356.25,450,93.75,ssp585,7.34402465820312,5.331298828125,1.761594319305e-07,3.73085171645471e-08,0.000320117309456691,3.20117294450029e-07
CCE,-123,34,237.5,-122.5,33.5,14,500,450,550,100,ssp585,6.78512668609619,4.82317924499512,1.16291097640442e-07,2.25180780688561e-08,4.28189887315966e-05,4.28189892431874e-08
CCE,-123,34,237.5,-122.5,33.5,15,600,550,650,100,ssp585,6.29578018188477,4.23811292648315,8.91109905865051e-08,1.61837494516703e-08,5.72748149352265e-06,5.72748160010406e-09
CCE,-123,34,237.5,-122.5,33.5,16,700,650,750,100,ssp585,5.80455541610718,3.47382068634033,7.41690797667616e-08,1.30211841309347e-08,7.66109735650389e-07,7.66109731209497e-10
CCE,-123,34,237.5,-122.5,33.5,17,800,750,850,100,ssp585,5.34861373901367,2.69984793663025,6.44898534574168e-08,1.1129507093699e-08,1.02475084418074e-07,1.02475083973985e-10
CCE,-123,34,237.5,-122.5,33.5,18,900,850,950,100,ssp585,4.87249040603638,1.94726514816284,5.73619800547931e-08,9.847807014296e-09,1.37070994554733e-08,1.37070996913957e-11
CCE,-123,34,237.5,-122.5,33.5,19,1000,950,1050,100,ssp585,4.28338527679443,1.2771874666214,4.86206488403695e-08,8.37677749387922e-09,1.83346593463085e-09,1.83346588779332e-12
CCE,-123,34,237.5,-122.5,33.5,20,1100,1050,1150,100,ssp585,3.76084017753601,1.06354975700378,3.9282799235707e-08,6.92655532930075e-09,2.45244990981774e-10,9.99999996004197e-13
CCE,-123,34,237.5,-122.5,33.5,21,1200,1150,1250,100,ssp585,3.41731739044189,1.05638360977173,3.23467332918881e-08,5.83613291027518e-09,3.28040476726965e-11,9.99999996004197e-13
CCE,-123,34,237.5,-122.5,33.5,22,1300,1250,1350,100,ssp585,3.17938446998596,1.09462583065033,2.71030895504509e-08,4.88031792755805e-09,4.38787938275564e-12,9.99999996004197e-13
CCE,-123,34,237.5,-122.5,33.5,23,1400,1350,1468.75,118.75,ssp585,3.00620484352112,1.1676834821701,2.33305001984263e-08,4.11527123489464e-09,9.99999996004197e-13,9.99999996004197e-13
CCE,-123,34,237.5,-122.5,33.5,24,1537.5,1468.75,1643.75,175,ssp585,2.78362154960632,1.37937712669373,1.93191240782653e-08,3.25208371343422e-09,9.99999996004197e-13,9.99999996004197e-13
CCE,-123,34,237.5,-122.5,33.5,25,1750,1643.75,1906.25,262.5,ssp585,2.49378967285156,1.79497587680817,1.51920591662247e-08,2.37086594800928e-09,9.99999996004197e-13,9.99999996004197e-13
CCE,-123,34,237.5,-122.5,33.5,26,2062.5,1906.25,2281.25,375,ssp585,2.20178556442261,2.5477774143219,1.29263089121423e-08,1.8623721453892e-09,9.99999996004197e-13,9.99999996004197e-13
CCE,-123,34,237.5,-122.5,33.5,27,2500,2281.25,2750,468.75,ssp585,1.90246784687042,3.88823914527893,1.27546302408632e-08,1.72016134669661e-09,9.99999996004197e-13,9.99999996004197e-13
CCE,-123,34,237.5,-122.5,33.5,28,3000,2750,3250,500,ssp585,1.62430214881897,5.35513544082642,1.43792133755483e-08,1.87425830411314e-09,9.99999996004197e-13,9.99999996004197e-13
CCE,-123,34,237.5,-122.5,33.5,29,3500,3250,3750,500,ssp585,1.40158891677856,6.65463066101074,1.72260108399769e-08,2.2070956173792e-09,9.99999996004197e-13,9.99999996004197e-13
CCE,-123,34,237.5,-122.5,33.5,30,4000,3750,4250,500,ssp585,1.31446206569672,7.17252731323242,1.87482456226462e-08,2.38464692436935e-09,9.99999996004197e-13,9.99999996004197e-13
CCE,-123,34,237.5,-122.5,33.5,31,4500,4250,4750,500,ssp585,NaN,NaN,NaN,NaN,9.99999996004197e-13,9.99999996004197e-13
CCE,-123,34,237.5,-122.5,33.5,32,5000,4750,5250,500,ssp585,NaN,NaN,NaN,NaN,9.99999996004197e-13,9.99999996004197e-13
CCE,-123,34,237.5,-122.5,33.5,33,5500,5250,5750,500,ssp585,NaN,NaN,NaN,NaN,9.99999996004197e-13,9.99999996004197e-13
CCE,-123,34,237.5,-122.5,33.5,34,6000,5750,6250,500,ssp585,NaN,NaN,NaN,NaN,9.99999996004197e-13,9.99999996004197e-13
CCE,-123,34,237.5,-122.5,33.5,35,6500,6250,6750,500,ssp585,NaN,NaN,NaN,NaN,9.99999996004197e-13,9.99999996004197e-13
ETPOMZ,-110,5,249.5,-110.5,4.5,1,2.5,0,6.25,6.25,hist,26.8332901000977,21.5479717254639,0.00174346810672432,0.00118152040522546,0.950951099395752,0.000950951070990413
ETPOMZ,-110,5,249.5,-110.5,4.5,2,10,6.25,15,8.75,hist,26.696310043335,21.5285873413086,0.00175250985193998,0.00117722863797098,0.817772924900055,0.000817772932350636
ETPOMZ,-110,5,249.5,-110.5,4.5,3,20,15,26.25,11.25,hist,26.0040283203125,21.1490802764893,0.00166326644830406,0.00108038890175521,0.668752551078796,0.000668752531055361
ETPOMZ,-110,5,249.5,-110.5,4.5,4,32.5,26.25,41.875,15.625,hist,24.9061489105225,19.8895931243896,0.00134973274543881,0.000845458242110908,0.520063519477844,0.000520063505973667
ETPOMZ,-110,5,249.5,-110.5,4.5,5,51.25,41.875,63.125,21.25,hist,22.2779293060303,16.3209762573242,0.000731935841031373,0.000476575427455828,0.356650412082672,0.000356650416506454
ETPOMZ,-110,5,249.5,-110.5,4.5,6,75,63.125,87.5,24.375,hist,17.9121799468994,11.1194829940796,0.000234854887821712,0.000113861955469474,0.22117979824543,0.00022117979824543
ETPOMZ,-110,5,249.5,-110.5,4.5,7,100,87.5,112.5,25,hist,14.0635900497437,7.56967735290527,6.6307133238297e-05,2.11231345019769e-05,0.133760318160057,0.000133760317112319
ETPOMZ,-110,5,249.5,-110.5,4.5,8,125,112.5,140.625,28.125,hist,12.4400405883789,6.59738826751709,1.35026875796029e-05,4.42229202235467e-06,0.0808926597237587,8.08926561148837e-05
ETPOMZ,-110,5,249.5,-110.5,4.5,9,156.25,140.625,178.125,37.5,hist,11.6871318817139,6.19527769088745,1.52844427248056e-06,7.89180148785817e-07,0.0431406199932098,4.31406187999528e-05
ETPOMZ,-110,5,249.5,-110.5,4.5,10,200,178.125,225,46.875,hist,11.1798868179321,5.75086355209351,5.54078951608972e-07,1.76972591248159e-07,0.0178918223828077,1.78918216988677e-05
ETPOMZ,-110,5,249.5,-110.5,4.5,11,250,225,281.25,56.25,hist,10.726902961731,5.08865880966187,3.57234682724084e-07,9.02990109352686e-08,0.00654362188652158,6.54362202112679e-06
ETPOMZ,-110,5,249.5,-110.5,4.5,12,312.5,281.25,356.25,75,hist,10.1721906661987,3.41158294677734,2.68950145709823e-07,5.59642607811384e-08,0.00186111312359571,1.86111310540582e-06
ETPOMZ,-110,5,249.5,-110.5,4.5,13,400,356.25,450,93.75,hist,9.42716217041016,0.81330406665802,1.70855841474804e-07,3.34836727233778e-08,0.000320117309456691,3.20117294450029e-07
ETPOMZ,-110,5,249.5,-110.5,4.5,14,500,450,550,100,hist,8.48171234130859,0.0514569170773029,8.21622876401307e-08,1.55469148666043e-08,4.28189887315966e-05,4.28189892431874e-08
ETPOMZ,-110,5,249.5,-110.5,4.5,15,600,550,650,100,hist,7.49395656585693,0.0107635362073779,4.64811407141497e-08,8.20360668285502e-09,5.72748149352265e-06,5.72748160010406e-09
ETPOMZ,-110,5,249.5,-110.5,4.5,16,700,650,750,100,hist,6.66996765136719,0.00494424579665065,3.32423759630274e-08,5.54133805508172e-09,7.66109735650389e-07,7.66109731209497e-10
ETPOMZ,-110,5,249.5,-110.5,4.5,17,800,750,850,100,hist,5.94509792327881,0.00744251767173409,2.65596540316437e-08,4.35059588355102e-09,1.02475084418074e-07,1.02475083973985e-10
ETPOMZ,-110,5,249.5,-110.5,4.5,18,900,850,950,100,hist,5.26118755340576,0.0121477879583836,2.1634798841319e-08,3.50285978001352e-09,1.37070994554733e-08,1.37070996913957e-11
ETPOMZ,-110,5,249.5,-110.5,4.5,19,1000,950,1050,100,hist,4.63766527175903,0.0176111683249474,1.80742336652884e-08,2.86775692082131e-09,1.83346593463085e-09,1.83346588779332e-12
ETPOMZ,-110,5,249.5,-110.5,4.5,20,1100,1050,1150,100,hist,4.1181755065918,0.0189086832106113,1.59389905718399e-08,2.5019735172549e-09,2.45244990981774e-10,9.99999996004197e-13
ETPOMZ,-110,5,249.5,-110.5,4.5,21,1200,1150,1250,100,hist,3.69626259803772,0.01245585270226,1.48234846619744e-08,2.36030572864365e-09,3.28040476726965e-11,9.99999996004197e-13
ETPOMZ,-110,5,249.5,-110.5,4.5,22,1300,1250,1350,100,hist,3.37061953544617,0.00324531644582748,1.43593057444491e-08,2.31759611502014e-09,4.38787938275564e-12,9.99999996004197e-13
ETPOMZ,-110,5,249.5,-110.5,4.5,23,1400,1350,1468.75,118.75,hist,3.11962819099426,0.000336436554789543,1.41549838517108e-08,2.28634888799206e-09,9.99999996004197e-13,9.99999996004197e-13
ETPOMZ,-110,5,249.5,-110.5,4.5,24,1537.5,1468.75,1643.75,175,hist,2.84214186668396,0.000128115221741609,1.39866154214019e-08,2.22873497435216e-09,9.99999996004197e-13,9.99999996004197e-13
ETPOMZ,-110,5,249.5,-110.5,4.5,25,1750,1643.75,1906.25,262.5,hist,2.53372764587402,0.00457168975844979,1.38683446948562e-08,2.13900919199261e-09,9.99999996004197e-13,9.99999996004197e-13
ETPOMZ,-110,5,249.5,-110.5,4.5,26,2062.5,1906.25,2281.25,375,hist,2.24975609779358,0.156409949064255,1.40054101649412e-08,2.08320916073035e-09,9.99999996004197e-13,9.99999996004197e-13
ETPOMZ,-110,5,249.5,-110.5,4.5,27,2500,2281.25,2750,468.75,hist,1.89352917671204,1.63899874687195,1.49505083868462e-08,2.04869321507317e-09,9.99999996004197e-13,9.99999996004197e-13
ETPOMZ,-110,5,249.5,-110.5,4.5,28,3000,2750,3250,500,hist,1.62480854988098,4.13899421691895,1.55291957071313e-08,2.03611394411496e-09,9.99999996004197e-13,9.99999996004197e-13
ETPOMZ,-110,5,249.5,-110.5,4.5,29,3500,3250,3750,500,hist,1.3655891418457,6.79558134078979,1.89088851243469e-08,2.38473218949764e-09,9.99999996004197e-13,9.99999996004197e-13
ETPOMZ,-110,5,249.5,-110.5,4.5,30,4000,3750,4250,500,hist,1.33911788463593,7.06731462478638,1.96540792529731e-08,2.47354092763885e-09,9.99999996004197e-13,9.99999996004197e-13
ETPOMZ,-110,5,249.5,-110.5,4.5,31,4500,4250,4750,500,hist,NaN,NaN,NaN,NaN,9.99999996004197e-13,9.99999996004197e-13
ETPOMZ,-110,5,249.5,-110.5,4.5,32,5000,4750,5250,500,hist,NaN,NaN,NaN,NaN,9.99999996004197e-13,9.99999996004197e-13
ETPOMZ,-110,5,249.5,-110.5,4.5,33,5500,5250,5750,500,hist,NaN,NaN,NaN,NaN,9.99999996004197e-13,9.99999996004197e-13
ETPOMZ,-110,5,249.5,-110.5,4.5,34,6000,5750,6250,500,hist,NaN,NaN,NaN,NaN,9.99999996004197e-13,9.99999996004197e-13
ETPOMZ,-110,5,249.5,-110.5,4.5,35,6500,6250,6750,500,hist,NaN,NaN,NaN,NaN,9.99999996004197e-13,9.99999996004197e-13
ETPOMZ,-110,5,249.5,-110.5,4.5,1,2.5,0,6.25,6.25,ssp585,29.8929042816162,21.447151184082,0.0011347234249115,0.000877429905813187,0.950951099395752,0.000950951070990413
ETPOMZ,-110,5,249.5,-110.5,4.5,2,10,6.25,15,8.75,ssp585,29.8059711456299,21.4716510772705,0.00116214889567345,0.000886908848769963,0.817772924900055,0.000817772932350636
ETPOMZ,-110,5,249.5,-110.5,4.5,3,20,15,26.25,11.25,ssp585,29.1647777557373,21.2703227996826,0.0011822881642729,0.000865376438014209,0.668752551078796,0.000668752531055361
ETPOMZ,-110,5,249.5,-110.5,4.5,4,32.5,26.25,41.875,15.625,ssp585,27.6373882293701,20.0732002258301,0.00103465199936181,0.000756842724513263,0.520063519477844,0.000520063505973667
ETPOMZ,-110,5,249.5,-110.5,4.5,5,51.25,41.875,63.125,21.25,ssp585,24.1466522216797,16.4332084655762,0.000586470239795744,0.000508702534716576,0.356650412082672,0.000356650416506454
ETPOMZ,-110,5,249.5,-110.5,4.5,6,75,63.125,87.5,24.375,ssp585,18.9104595184326,11.2497291564941,0.000150115229189396,0.000130753745906986,0.22117979824543,0.00022117979824543
ETPOMZ,-110,5,249.5,-110.5,4.5,7,100,87.5,112.5,25,ssp585,15.7920703887939,8.83522033691406,3.45485204888973e-05,1.97104527615011e-05,0.133760318160057,0.000133760317112319
ETPOMZ,-110,5,249.5,-110.5,4.5,8,125,112.5,140.625,28.125,ssp585,14.5417461395264,7.97745800018311,6.45602631266229e-06,4.23841220253962e-06,0.0808926597237587,8.08926561148837e-05
ETPOMZ,-110,5,249.5,-110.5,4.5,9,156.25,140.625,178.125,37.5,ssp585,13.7777147293091,7.29889154434204,1.57016347657191e-06,7.86496173077467e-07,0.0431406199932098,4.31406187999528e-05
ETPOMZ,-110,5,249.5,-110.5,4.5,10,200,178.125,225,46.875,ssp585,13.0665464401245,6.30069208145142,7.94783261426346e-07,1.9092054515113e-07,0.0178918223828077,1.78918216988677e-05
ETPOMZ,-110,5,249.5,-110.5,4.5,11,250,225,281.25,56.25,ssp585,12.4152345657349,4.78606224060059,4.75463565408063e-07,9.82407541982866e-08,0.00654362188652158,6.54362202112679e-06
ETPOMZ,-110,5,249.5,-110.5,4.5,12,312.5,281.25,356.25,75,ssp585,11.6845979690552,1.99539029598236,2.88363395384295e-07,5.50556649159262e-08,0.00186111312359571,1.86111310540582e-06
ETPOMZ,-110,5,249.5,-110.5,4.5,13,400,356.25,450,93.75,ssp585,10.4875965118408,0.183884486556053,1.49632967350044e-07,2.6365611915935e-08,0.000320117309456691,3.20117294450029e-07
ETPOMZ,-110,5,249.5,-110.5,4.5,14,500,450,550,100,ssp585,9.19292259216309,0.0680905804038048,7.87715848105108e-08,1.31561961325133e-08,4.28189887315966e-05,4.28189892431874e-08
ETPOMZ,-110,5,249.5,-110.5,4.5,15,600,550,650,100,ssp585,8.16307544708252,0.0476079024374485,5.16661806670982e-08,8.57162518741461e-09,5.72748149352265e-06,5.72748160010406e-09
ETPOMZ,-110,5,249.5,-110.5,4.5,16,700,650,750,100,ssp585,7.25499677658081,0.0321941524744034,3.84234475347967e-08,6.32542995759877e-09,7.66109735650389e-07,7.66109731209497e-10
ETPOMZ,-110,5,249.5,-110.5,4.5,17,800,750,850,100,ssp585,6.40826797485352,0.021756075322628,2.99908613499156e-08,4.89328977337777e-09,1.02475084418074e-07,1.02475083973985e-10
ETPOMZ,-110,5,249.5,-110.5,4.5,18,900,850,950,100,ssp585,5.62910985946655,0.0285964719951153,2.41126159039595e-08,3.91362053875355e-09,1.37070994554733e-08,1.37070996913957e-11
ETPOMZ,-110,5,249.5,-110.5,4.5,19,1000,950,1050,100,ssp585,4.94085359573364,0.0443844757974148,1.99768326325511e-08,3.20800075392924e-09,1.83346593463085e-09,1.83346588779332e-12
ETPOMZ,-110,5,249.5,-110.5,4.5,20,1100,1050,1150,100,ssp585,4.35981893539429,0.0559295900166035,1.74211223225029e-08,2.78007505905009e-09,2.45244990981774e-10,9.99999996004197e-13
ETPOMZ,-110,5,249.5,-110.5,4.5,21,1200,1150,1250,100,ssp585,3.87060856819153,0.0450636595487595,1.60004045568485e-08,2.5742536990947e-09,3.28040476726965e-11,9.99999996004197e-13
ETPOMZ,-110,5,249.5,-110.5,4.5,22,1300,1250,1350,100,ssp585,3.48965191841125,0.0246920827776194,1.49934411552977e-08,2.44041498120851e-09,4.38787938275564e-12,9.99999996004197e-13
ETPOMZ,-110,5,249.5,-110.5,4.5,23,1400,1350,1468.75,118.75,ssp585,3.21625185012817,0.012882012873888,1.43946650155158e-08,2.33880070865666e-09,9.99999996004197e-13,9.99999996004197e-13
ETPOMZ,-110,5,249.5,-110.5,4.5,24,1537.5,1468.75,1643.75,175,ssp585,2.93498992919922,0.0147045943886042,1.40153719740965e-08,2.21890505969213e-09,9.99999996004197e-13,9.99999996004197e-13
ETPOMZ,-110,5,249.5,-110.5,4.5,25,1750,1643.75,1906.25,262.5,ssp585,2.61938786506653,0.0333948954939842,1.3862296199818e-08,2.12618855854885e-09,9.99999996004197e-13,9.99999996004197e-13
ETPOMZ,-110,5,249.5,-110.5,4.5,26,2062.5,1906.25,2281.25,375,ssp585,2.32662200927734,0.205076321959496,1.40325697728372e-08,2.09866368727774e-09,9.99999996004197e-13,9.99999996004197e-13
ETPOMZ,-110,5,249.5,-110.5,4.5,27,2500,2281.25,2750,468.75,ssp585,1.95616447925568,1.70263934135437,1.50021950418022e-08,2.07379402539232e-09,9.99999996004197e-13,9.99999996004197e-13
ETPOMZ,-110,5,249.5,-110.5,4.5,28,3000,2750,3250,500,ssp585,1.6730922460556,3.97563195228577,1.54480481739938e-08,2.03840899715146e-09,9.99999996004197e-13,9.99999996004197e-13
ETPOMZ,-110,5,249.5,-110.5,4.5,29,3500,3250,3750,500,ssp585,1.40117263793945,6.59099769592285,1.79926527010821e-08,2.27702812161112e-09,9.99999996004197e-13,9.99999996004197e-13
ETPOMZ,-110,5,249.5,-110.5,4.5,30,4000,3750,4250,500,ssp585,1.37683296203613,6.83761501312256,1.84866006947004e-08,2.33471864063972e-09,9.99999996004197e-13,9.99999996004197e-13
ETPOMZ,-110,5,249.5,-110.5,4.5,31,4500,4250,4750,500,ssp585,NaN,NaN,NaN,NaN,9.99999996004197e-13,9.99999996004197e-13
ETPOMZ,-110,5,249.5,-110.5,4.5,32,5000,4750,5250,500,ssp585,NaN,NaN,NaN,NaN,9.99999996004197e-13,9.99999996004197e-13
ETPOMZ,-110,5,249.5,-110.5,4.5,33,5500,5250,5750,500,ssp585,NaN,NaN,NaN,NaN,9.99999996004197e-13,9.99999996004197e-13
ETPOMZ,-110,5,249.5,-110.5,4.5,34,6000,5750,6250,500,ssp585,NaN,NaN,NaN,NaN,9.99999996004197e-13,9.99999996004197e-13
ETPOMZ,-110,5,249.5,-110.5,4.5,35,6500,6250,6750,500,ssp585,NaN,NaN,NaN,NaN,9.99999996004197e-13,9.99999996004197e-13
SouthernOcean,0,-55,0.5,0.5,-55.5,1,2.5,0,6.25,6.25,hist,0.5618616938591,20.6568298339844,0.00133910158183426,0.000918647507205606,0.950951099395752,0.000950951070990413
SouthernOcean,0,-55,0.5,0.5,-55.5,2,10,6.25,15,8.75,hist,0.555875718593597,20.6502742767334,0.00133894186001271,0.000918666657526046,0.817772924900055,0.000817772932350636
SouthernOcean,0,-55,0.5,0.5,-55.5,3,20,15,26.25,11.25,hist,0.540018677711487,20.6368999481201,0.00133766594808549,0.000917016004677862,0.668752551078796,0.000668752531055361
SouthernOcean,0,-55,0.5,0.5,-55.5,4,32.5,26.25,41.875,15.625,hist,0.499409735202789,20.5955829620361,0.00131988665089011,0.00089589279377833,0.520063519477844,0.000520063505973667
SouthernOcean,0,-55,0.5,0.5,-55.5,5,51.25,41.875,63.125,21.25,hist,0.324413418769836,20.3707962036133,0.00114114920143038,0.000745382974855602,0.356650412082672,0.000356650416506454
SouthernOcean,0,-55,0.5,0.5,-55.5,6,75,63.125,87.5,24.375,hist,0.0160584598779678,19.7689075469971,0.000710283638909459,0.000430403655627742,0.22117979824543,0.00022117979824543
SouthernOcean,0,-55,0.5,0.5,-55.5,7,100,87.5,112.5,25,hist,0.0328675173223019,18.7328853607178,0.000364981882739812,0.000201033763005398,0.133760318160057,0.000133760317112319
SouthernOcean,0,-55,0.5,0.5,-55.5,8,125,112.5,140.625,28.125,hist,0.508921325206757,17.0863742828369,0.00016135282930918,7.46653095120564e-05,0.0808926597237587,8.08926561148837e-05
SouthernOcean,0,-55,0.5,0.5,-55.5,9,156.25,140.625,178.125,37.5,hist,1.11233341693878,15.1606378555298,5.6400676839985e-05,1.56664700625697e-05,0.0431406199932098,4.31406187999528e-05
SouthernOcean,0,-55,0.5,0.5,-55.5,10,200,178.125,225,46.875,hist,1.55210876464844,13.6283349990845,2.21919472096488e-05,4.44869783677859e-06,0.0178918223828077,1.78918216988677e-05
SouthernOcean,0,-55,0.5,0.5,-55.5,11,250,225,281.25,56.25,hist,1.90435016155243,12.6242027282715,1.01147170425975e-05,1.72218096849974e-06,0.00654362188652158,6.54362202112679e-06
SouthernOcean,0,-55,0.5,0.5,-55.5,12,312.5,281.25,356.25,75,hist,2.14540266990662,12.140115737915,5.05781736137578e-06,7.75474234160356e-07,0.00186111312359571,1.86111310540582e-06
SouthernOcean,0,-55,0.5,0.5,-55.5,13,400,356.25,450,93.75,hist,2.25199437141418,11.9810152053833,3.04541208606679e-06,4.5866505615777e-07,0.000320117309456691,3.20117294450029e-07
SouthernOcean,0,-55,0.5,0.5,-55.5,14,500,450,550,100,hist,2.2515881061554,11.9428014755249,2.35530296777142e-06,3.53787129370176e-07,4.28189887315966e-05,4.28189892431874e-08
SouthernOcean,0,-55,0.5,0.5,-55.5,15,600,550,650,100,hist,2.18103337287903,11.9162015914917,2.20984520638012e-06,3.28925494841315e-07,5.72748149352265e-06,5.72748160010406e-09
SouthernOcean,0,-55,0.5,0.5,-55.5,16,700,650,750,100,hist,2.04691576957703,11.8738422393799,2.06862341656233e-06,3.0508095960613e-07,7.66109735650389e-07,7.66109731209497e-10
SouthernOcean,0,-55,0.5,0.5,-55.5,17,800,750,850,100,hist,1.85432207584381,11.8191652297974,1.89817819773452e-06,2.77153503702721e-07,1.02475084418074e-07,1.02475083973985e-10
SouthernOcean,0,-55,0.5,0.5,-55.5,18,900,850,950,100,hist,1.64432871341705,11.7641744613647,1.69999998433923e-06,2.4559304279137e-07,1.37070994554733e-08,1.37070996913957e-11
SouthernOcean,0,-55,0.5,0.5,-55.5,19,1000,950,1050,100,hist,1.45269405841827,11.7252607345581,1.51169513173954e-06,2.15799801139838e-07,1.83346593463085e-09,1.83346588779332e-12
SouthernOcean,0,-55,0.5,0.5,-55.5,20,1100,1050,1150,100,hist,1.28429281711578,11.7120418548584,1.35939706069621e-06,1.91809618854677e-07,2.45244990981774e-10,9.99999996004197e-13
SouthernOcean,0,-55,0.5,0.5,-55.5,21,1200,1150,1250,100,hist,1.13294625282288,11.7276782989502,1.24009557112004e-06,1.72983803281568e-07,3.28040476726965e-11,9.99999996004197e-13
SouthernOcean,0,-55,0.5,0.5,-55.5,22,1300,1250,1350,100,hist,0.991659581661224,11.7684698104858,1.14250826754869e-06,1.5750531190406e-07,4.38787938275564e-12,9.99999996004197e-13
SouthernOcean,0,-55,0.5,0.5,-55.5,23,1400,1350,1468.75,118.75,hist,0.860466420650482,11.828929901123,1.06040477021452e-06,1.44232004117839e-07,9.99999996004197e-13,9.99999996004197e-13
SouthernOcean,0,-55,0.5,0.5,-55.5,24,1537.5,1468.75,1643.75,175,hist,0.703856468200684,11.932391166687,9.76562205323717e-07,1.30032304923589e-07,9.99999996004197e-13,9.99999996004197e-13
SouthernOcean,0,-55,0.5,0.5,-55.5,25,1750,1643.75,1906.25,262.5,hist,0.520431697368622,12.0860910415649,9.03391423889843e-07,1.16284283535606e-07,9.99999996004197e-13,9.99999996004197e-13
SouthernOcean,0,-55,0.5,0.5,-55.5,26,2062.5,1906.25,2281.25,375,hist,0.355821073055267,12.2368650436401,8.58147416238353e-07,1.0625035429257e-07,9.99999996004197e-13,9.99999996004197e-13
SouthernOcean,0,-55,0.5,0.5,-55.5,27,2500,2281.25,2750,468.75,hist,0.231652453541756,12.3400287628174,8.31389286304329e-07,9.94544393506658e-08,9.99999996004197e-13,9.99999996004197e-13
SouthernOcean,0,-55,0.5,0.5,-55.5,28,3000,2750,3250,500,hist,0.136353299021721,12.4127883911133,7.9748406278668e-07,9.26174266169255e-08,9.99999996004197e-13,9.99999996004197e-13
SouthernOcean,0,-55,0.5,0.5,-55.5,29,3500,3250,3750,500,hist,0.0102119576185942,12.5029916763306,7.3966918989754e-07,8.22759531615702e-08,9.99999996004197e-13,9.99999996004197e-13
SouthernOcean,0,-55,0.5,0.5,-55.5,30,4000,3750,4250,500,hist,-0.131731048226357,12.6115942001343,5.74732041513926e-07,6.03118337494379e-08,9.99999996004197e-13,9.99999996004197e-13
SouthernOcean,0,-55,0.5,0.5,-55.5,31,4500,4250,4750,500,hist,NaN,NaN,NaN,NaN,9.99999996004197e-13,9.99999996004197e-13
SouthernOcean,0,-55,0.5,0.5,-55.5,32,5000,4750,5250,500,hist,NaN,NaN,NaN,NaN,9.99999996004197e-13,9.99999996004197e-13
SouthernOcean,0,-55,0.5,0.5,-55.5,33,5500,5250,5750,500,hist,NaN,NaN,NaN,NaN,9.99999996004197e-13,9.99999996004197e-13
SouthernOcean,0,-55,0.5,0.5,-55.5,34,6000,5750,6250,500,hist,NaN,NaN,NaN,NaN,9.99999996004197e-13,9.99999996004197e-13
SouthernOcean,0,-55,0.5,0.5,-55.5,35,6500,6250,6750,500,hist,NaN,NaN,NaN,NaN,9.99999996004197e-13,9.99999996004197e-13
SouthernOcean,0,-55,0.5,0.5,-55.5,1,2.5,0,6.25,6.25,ssp585,2.09476041793823,20.9290828704834,0.00137601234018803,0.000941662816330791,0.950951099395752,0.000950951070990413
SouthernOcean,0,-55,0.5,0.5,-55.5,2,10,6.25,15,8.75,ssp585,2.08463191986084,20.923267364502,0.00137590244412422,0.000941408623475581,0.817772924900055,0.000817772932350636
SouthernOcean,0,-55,0.5,0.5,-55.5,3,20,15,26.25,11.25,ssp585,2.06158375740051,20.9113540649414,0.00137436168733984,0.00093817402375862,0.668752551078796,0.000668752531055361
SouthernOcean,0,-55,0.5,0.5,-55.5,4,32.5,26.25,41.875,15.625,ssp585,2.01035952568054,20.877513885498,0.00136248196940869,0.000917298370040953,0.520063519477844,0.000520063505973667
SouthernOcean,0,-55,0.5,0.5,-55.5,5,51.25,41.875,63.125,21.25,ssp585,1.76141226291656,20.6870212554932,0.00120725214947015,0.000767331337556243,0.356650412082672,0.000356650416506454
SouthernOcean,0,-55,0.5,0.5,-55.5,6,75,63.125,87.5,24.375,ssp585,1.14930319786072,19.9381828308105,0.000715556903742254,0.000438182963989675,0.22117979824543,0.00022117979824543
SouthernOcean,0,-55,0.5,0.5,-55.5,7,100,87.5,112.5,25,ssp585,0.869629919528961,18.3796463012695,0.00031822791788727,0.000204371375730261,0.133760318160057,0.000133760317112319
SouthernOcean,0,-55,0.5,0.5,-55.5,8,125,112.5,140.625,28.125,ssp585,1.08250260353088,16.1314754486084,0.000119111820822582,6.73500835546292e-05,0.0808926597237587,8.08926561148837e-05
SouthernOcean,0,-55,0.5,0.5,-55.5,9,156.25,140.625,178.125,37.5,ssp585,1.3406754732132,14.2715530395508,4.02691694034729e-05,1.50489913721685e-05,0.0431406199932098,4.31406187999528e-05
SouthernOcean,0,-55,0.5,0.5,-55.5,10,200,178.125,225,46.875,ssp585,1.56661307811737,13.0183601379395,1.55335965246195e-05,3.79620996682206e-06,0.0178918223828077,1.78918216988677e-05
SouthernOcean,0,-55,0.5,0.5,-55.5,11,250,225,281.25,56.25,ssp585,1.78716921806335,12.2505321502686,7.78102184995078e-06,1.56474754930969e-06,0.00654362188652158,6.54362202112679e-06
SouthernOcean,0,-55,0.5,0.5,-55.5,12,312.5,281.25,356.25,75,ssp585,2.01938033103943,11.6934776306152,4.18687022829545e-06,7.57355167024798e-07,0.00186111312359571,1.86111310540582e-06
SouthernOcean,0,-55,0.5,0.5,-55.5,13,400,356.25,450,93.75,ssp585,2.17946410179138,11.2954721450806,2.22762446355773e-06,3.87433743753718e-07,0.000320117309456691,3.20117294450029e-07
SouthernOcean,0,-55,0.5,0.5,-55.5,14,500,450,550,100,ssp585,2.20618987083435,11.0931358337402,1.29221893985232e-06,2.13578928764946e-07,4.28189887315966e-05,4.28189892431874e-08
SouthernOcean,0,-55,0.5,0.5,-55.5,15,600,550,650,100,ssp585,2.16916251182556,11.0029706954956,9.69091729530192e-07,1.55358037545739e-07,5.72748149352265e-06,5.72748160010406e-09
SouthernOcean,0,-55,0.5,0.5,-55.5,16,700,650,750,100,ssp585,2.08137035369873,10.9383850097656,8.01627493274282e-07,1.25473746948046e-07,7.66109735650389e-07,7.66109731209497e-10
SouthernOcean,0,-55,0.5,0.5,-55.5,17,800,750,850,100,ssp585,1.93817889690399,10.908652305603,6.49951914510893e-07,9.97871154595487e-08,1.02475084418074e-07,1.02475083973985e-10
SouthernOcean,0,-55,0.5,0.5,-55.5,18,900,850,950,100,ssp585,1.7764298915863,10.9137554168701,4.83605901990813e-07,7.17220274282226e-08,1.37070994554733e-08,1.37070996913957e-11
SouthernOcean,0,-55,0.5,0.5,-55.5,19,1000,950,1050,100,ssp585,1.62847554683685,10.946005821228,3.59718342224369e-07,5.21018677090979e-08,1.83346593463085e-09,1.83346588779332e-12
SouthernOcean,0,-55,0.5,0.5,-55.5,20,1100,1050,1150,100,ssp585,1.49637699127197,10.9906940460205,2.92105340804483e-07,4.1667622241448e-08,2.45244990981774e-10,9.99999996004197e-13
SouthernOcean,0,-55,0.5,0.5,-55.5,21,1200,1150,1250,100,ssp585,1.37476229667664,11.0385618209839,2.59659543644375e-07,3.66241970084502e-08,3.28040476726965e-11,9.99999996004197e-13
SouthernOcean,0,-55,0.5,0.5,-55.5,22,1300,1250,1350,100,ssp585,1.26063704490662,11.0891103744507,2.38791500350999e-07,3.33673462193929e-08,4.38787938275564e-12,9.99999996004197e-13
SouthernOcean,0,-55,0.5,0.5,-55.5,23,1400,1350,1468.75,118.75,ssp585,1.15232443809509,11.1476516723633,2.23178460601048e-07,3.08619760858164e-08,9.99999996004197e-13,9.99999996004197e-13
SouthernOcean,0,-55,0.5,0.5,-55.5,24,1537.5,1468.75,1643.75,175,ssp585,1.01402604579926,11.2417507171631,2.05826964361222e-07,2.80106213779163e-08,9.99999996004197e-13,9.99999996004197e-13
SouthernOcean,0,-55,0.5,0.5,-55.5,25,1750,1643.75,1906.25,262.5,ssp585,0.834639608860016,11.3867778778076,1.84851003837139e-07,2.45504008233866e-08,9.99999996004197e-13,9.99999996004197e-13
SouthernOcean,0,-55,0.5,0.5,-55.5,26,2062.5,1906.25,2281.25,375,ssp585,0.663907051086426,11.5180940628052,1.6699317484381e-07,2.16428635013699e-08,9.99999996004197e-13,9.99999996004197e-13
SouthernOcean,0,-55,0.5,0.5,-55.5,27,2500,2281.25,2750,468.75,ssp585,0.544989347457886,11.5812034606934,1.55780881527789e-07,2.00822860563221e-08,9.99999996004197e-13,9.99999996004197e-13
SouthernOcean,0,-55,0.5,0.5,-55.5,28,3000,2750,3250,500,ssp585,0.432995945215225,11.6389751434326,1.45767373282979e-07,1.87905069282124e-08,9.99999996004197e-13,9.99999996004197e-13
SouthernOcean,0,-55,0.5,0.5,-55.5,29,3500,3250,3750,500,ssp585,0.296928733587265,11.7214365005493,1.33693887960362e-07,1.72334448933498e-08,9.99999996004197e-13,9.99999996004197e-13
SouthernOcean,0,-55,0.5,0.5,-55.5,30,4000,3750,4250,500,ssp585,0.0625941529870033,11.9615144729614,1.10643796347176e-07,1.40548497284954e-08,9.99999996004197e-13,9.99999996004197e-13
SouthernOcean,0,-55,0.5,0.5,-55.5,31,4500,4250,4750,500,ssp585,NaN,NaN,NaN,NaN,9.99999996004197e-13,9.99999996004197e-13
SouthernOcean,0,-55,0.5,0.5,-55.5,32,5000,4750,5250,500,ssp585,NaN,NaN,NaN,NaN,9.99999996004197e-13,9.99999996004197e-13
SouthernOcean,0,-55,0.5,0.5,-55.5,33,5500,5250,5750,500,ssp585,NaN,NaN,NaN,NaN,9.99999996004197e-13,9.99999996004197e-13
SouthernOcean,0,-55,0.5,0.5,-55.5,34,6000,5750,6250,500,ssp585,NaN,NaN,NaN,NaN,9.99999996004197e-13,9.99999996004197e-13
SouthernOcean,0,-55,0.5,0.5,-55.5,35,6500,6250,6750,500,ssp585,NaN,NaN,NaN,NaN,9.99999996004197e-13,9.99999996004197e-13
